{
  "frames": [
    {
      "filename": "KB-02---look-around 0.gif",
      "frame": {
        "x": 11,
        "y": 0,
        "w": 56,
        "h": 64
      },
      "rotated": false,
      "trimmed": false,
      "spriteSourceSize": {
        "x": 0,
        "y": 0,
        "w": 67,
        "h": 64
      },
      "sourceSize": {
        "w": 67,
        "h": 64
      },
      "duration": 500
    },
    {
      "filename": "KB-02---look-around 1.gif",
      "frame": {
        "x": 78,
        "y": 0,
        "w": 56,
        "h": 64
      },
      "rotated": false,
      "trimmed": false,
      "spriteSourceSize": {
        "x": 0,
        "y": 0,
        "w": 67,
        "h": 64
      },
      "sourceSize": {
        "w": 67,
        "h": 64
      },
      "duration": 200
    },
    {
      "filename": "KB-02---look-around 2.gif",
      "frame": {
        "x": 145,
        "y": 0,
        "w": 56,
        "h": 64
      },
      "rotated": false,
      "trimmed": false,
      "spriteSourceSize": {
        "x": 0,
        "y": 0,
        "w": 67,
        "h": 64
      },
      "sourceSize": {
        "w": 67,
        "h": 64
      },
      "duration": 200
    },
    {
      "filename": "KB-02---look-around 3.gif",
      "frame": {
        "x": 212,
        "y": 0,
        "w": 56,
        "h": 64
      },
      "rotated": false,
      "trimmed": false,
      "spriteSourceSize": {
        "x": 0,
        "y": 0,
        "w": 67,
        "h": 64
      },
      "sourceSize": {
        "w": 67,
        "h": 64
      },
      "duration": 200
    },
    {
      "filename": "KB-02---look-around 4.gif",
      "frame": {
        "x": 279,
        "y": 0,
        "w": 56,
        "h": 64
      },
      "rotated": false,
      "trimmed": false,
      "spriteSourceSize": {
        "x": 0,
        "y": 0,
        "w": 67,
        "h": 64
      },
      "sourceSize": {
        "w": 67,
        "h": 64
      },
      "duration": 200
    },
    {
      "filename": "KB-02---look-around 5.gif",
      "frame": {
        "x": 346,
        "y": 0,
        "w": 56,
        "h": 64
      },
      "rotated": false,
      "trimmed": false,
      "spriteSourceSize": {
        "x": 0,
        "y": 0,
        "w": 67,
        "h": 64
      },
      "sourceSize": {
        "w": 67,
        "h": 64
      },
      "duration": 200
    },
    {
      "filename": "KB-02---look-around 6.gif",
      "frame": {
        "x": 413,
        "y": 0,
        "w": 56,
        "h": 64
      },
      "rotated": false,
      "trimmed": false,
      "spriteSourceSize": {
        "x": 0,
        "y": 0,
        "w": 67,
        "h": 64
      },
      "sourceSize": {
        "w": 67,
        "h": 64
      },
      "duration": 200
    },
    {
      "filename": "KB-02---look-around 7.gif",
      "frame": {
        "x": 480,
        "y": 0,
        "w": 56,
        "h": 64
      },
      "rotated": false,
      "trimmed": false,
      "spriteSourceSize": {
        "x": 0,
        "y": 0,
        "w": 67,
        "h": 64
      },
      "sourceSize": {
        "w": 67,
        "h": 64
      },
      "duration": 200
    }
  ],
  "meta": {
    "app": "https://www.aseprite.org/",
    "version": "1.2.40-x64",
    "image": "KB-02---look-around.png",
    "format": "I8",
    "size": {
      "w": 536,
      "h": 64
    },
    "scale": "1",
    "frameTags": [],
    "layers": [
      {
        "name": "Layer",
        "opacity": 255,
        "blendMode": "normal"
      }
    ],
    "slices": []
  }
}
