{ "frames": [
   {
    "filename": "KB-11--fly-down 0.gif",
    "frame": { "x": 0, "y": 0, "w": 58, "h": 64 },
    "rotated": false,
    "trimmed": false,
    "spriteSourceSize": { "x": 0, "y": 0, "w": 58, "h": 64 },
    "sourceSize": { "w": 58, "h": 64 },
    "duration": 100
   },
   {
    "filename": "KB-11--fly-down 1.gif",
    "frame": { "x": 58, "y": 0, "w": 58, "h": 64 },
    "rotated": false,
    "trimmed": false,
    "spriteSourceSize": { "x": 0, "y": 0, "w": 58, "h": 64 },
    "sourceSize": { "w": 58, "h": 64 },
    "duration": 100
   },
   {
    "filename": "KB-11--fly-down 2.gif",
    "frame": { "x": 116, "y": 0, "w": 58, "h": 64 },
    "rotated": false,
    "trimmed": false,
    "spriteSourceSize": { "x": 0, "y": 0, "w": 58, "h": 64 },
    "sourceSize": { "w": 58, "h": 64 },
    "duration": 100
   },
   {
    "filename": "KB-11--fly-down 3.gif",
    "frame": { "x": 174, "y": 0, "w": 58, "h": 64 },
    "rotated": false,
    "trimmed": false,
    "spriteSourceSize": { "x": 0, "y": 0, "w": 58, "h": 64 },
    "sourceSize": { "w": 58, "h": 64 },
    "duration": 100
   },
   {
    "filename": "KB-11--fly-down 4.gif",
    "frame": { "x": 232, "y": 0, "w": 58, "h": 64 },
    "rotated": false,
    "trimmed": false,
    "spriteSourceSize": { "x": 0, "y": 0, "w": 58, "h": 64 },
    "sourceSize": { "w": 58, "h": 64 },
    "duration": 100
   },
   {
    "filename": "KB-11--fly-down 5.gif",
    "frame": { "x": 290, "y": 0, "w": 58, "h": 64 },
    "rotated": false,
    "trimmed": false,
    "spriteSourceSize": { "x": 0, "y": 0, "w": 58, "h": 64 },
    "sourceSize": { "w": 58, "h": 64 },
    "duration": 100
   },
   {
    "filename": "KB-11--fly-down 6.gif",
    "frame": { "x": 348, "y": 0, "w": 58, "h": 64 },
    "rotated": false,
    "trimmed": false,
    "spriteSourceSize": { "x": 0, "y": 0, "w": 58, "h": 64 },
    "sourceSize": { "w": 58, "h": 64 },
    "duration": 100
   },
   {
    "filename": "KB-11--fly-down 7.gif",
    "frame": { "x": 406, "y": 0, "w": 58, "h": 64 },
    "rotated": false,
    "trimmed": false,
    "spriteSourceSize": { "x": 0, "y": 0, "w": 58, "h": 64 },
    "sourceSize": { "w": 58, "h": 64 },
    "duration": 100
   },
   {
    "filename": "KB-11--fly-down 8.gif",
    "frame": { "x": 464, "y": 0, "w": 58, "h": 64 },
    "rotated": false,
    "trimmed": false,
    "spriteSourceSize": { "x": 0, "y": 0, "w": 58, "h": 64 },
    "sourceSize": { "w": 58, "h": 64 },
    "duration": 100
   },
   {
    "filename": "KB-11--fly-down 9.gif",
    "frame": { "x": 522, "y": 0, "w": 58, "h": 64 },
    "rotated": false,
    "trimmed": false,
    "spriteSourceSize": { "x": 0, "y": 0, "w": 58, "h": 64 },
    "sourceSize": { "w": 58, "h": 64 },
    "duration": 100
   },
   {
    "filename": "KB-11--fly-down 10.gif",
    "frame": { "x": 580, "y": 0, "w": 58, "h": 64 },
    "rotated": false,
    "trimmed": false,
    "spriteSourceSize": { "x": 0, "y": 0, "w": 58, "h": 64 },
    "sourceSize": { "w": 58, "h": 64 },
    "duration": 100
   },
   {
    "filename": "KB-11--fly-down 11.gif",
    "frame": { "x": 638, "y": 0, "w": 58, "h": 64 },
    "rotated": false,
    "trimmed": false,
    "spriteSourceSize": { "x": 0, "y": 0, "w": 58, "h": 64 },
    "sourceSize": { "w": 58, "h": 64 },
    "duration": 100
   },
   {
    "filename": "KB-11--fly-down 12.gif",
    "frame": { "x": 696, "y": 0, "w": 58, "h": 64 },
    "rotated": false,
    "trimmed": false,
    "spriteSourceSize": { "x": 0, "y": 0, "w": 58, "h": 64 },
    "sourceSize": { "w": 58, "h": 64 },
    "duration": 100
   },
   {
    "filename": "KB-11--fly-down 13.gif",
    "frame": { "x": 754, "y": 0, "w": 58, "h": 64 },
    "rotated": false,
    "trimmed": false,
    "spriteSourceSize": { "x": 0, "y": 0, "w": 58, "h": 64 },
    "sourceSize": { "w": 58, "h": 64 },
    "duration": 100
   },
   {
    "filename": "KB-11--fly-down 14.gif",
    "frame": { "x": 812, "y": 0, "w": 58, "h": 64 },
    "rotated": false,
    "trimmed": false,
    "spriteSourceSize": { "x": 0, "y": 0, "w": 58, "h": 64 },
    "sourceSize": { "w": 58, "h": 64 },
    "duration": 100
   },
   {
    "filename": "KB-11--fly-down 15.gif",
    "frame": { "x": 870, "y": 0, "w": 58, "h": 64 },
    "rotated": false,
    "trimmed": false,
    "spriteSourceSize": { "x": 0, "y": 0, "w": 58, "h": 64 },
    "sourceSize": { "w": 58, "h": 64 },
    "duration": 100
   },
   {
    "filename": "KB-11--fly-down 16.gif",
    "frame": { "x": 928, "y": 0, "w": 58, "h": 64 },
    "rotated": false,
    "trimmed": false,
    "spriteSourceSize": { "x": 0, "y": 0, "w": 58, "h": 64 },
    "sourceSize": { "w": 58, "h": 64 },
    "duration": 100
   },
   {
    "filename": "KB-11--fly-down 17.gif",
    "frame": { "x": 986, "y": 0, "w": 58, "h": 64 },
    "rotated": false,
    "trimmed": false,
    "spriteSourceSize": { "x": 0, "y": 0, "w": 58, "h": 64 },
    "sourceSize": { "w": 58, "h": 64 },
    "duration": 100
   }
 ],
 "meta": {
  "app": "https://www.aseprite.org/",
  "version": "1.2.40-x64",
  "image": "KB-11--fly-down.png",
  "format": "I8",
  "size": { "w": 1044, "h": 64 },
  "scale": "1",
  "frameTags": [
  ],
  "layers": [
   { "name": "Layer", "opacity": 255, "blendMode": "normal" }
  ],
  "slices": [
  ]
 }
}
