{ "frames": [
   {
    "filename": "KB-01---jump 0.gif",
    "frame": { "x": 0, "y": 0, "w": 84, "h": 64 },
    "rotated": false,
    "trimmed": false,
    "spriteSourceSize": { "x": 0, "y": 0, "w": 84, "h": 64 },
    "sourceSize": { "w": 84, "h": 64 },
    "duration": 1000
   },
   {
    "filename": "KB-01---jump 1.gif",
    "frame": { "x": 84, "y": 0, "w": 84, "h": 64 },
    "rotated": false,
    "trimmed": false,
    "spriteSourceSize": { "x": 0, "y": 0, "w": 84, "h": 64 },
    "sourceSize": { "w": 84, "h": 64 },
    "duration": 100
   },
   {
    "filename": "KB-01---jump 2.gif",
    "frame": { "x": 168, "y": 0, "w": 84, "h": 64 },
    "rotated": false,
    "trimmed": false,
    "spriteSourceSize": { "x": 0, "y": 0, "w": 84, "h": 64 },
    "sourceSize": { "w": 84, "h": 64 },
    "duration": 100
   },
   {
    "filename": "KB-01---jump 3.gif",
    "frame": { "x": 252, "y": 0, "w": 84, "h": 64 },
    "rotated": false,
    "trimmed": false,
    "spriteSourceSize": { "x": 0, "y": 0, "w": 84, "h": 64 },
    "sourceSize": { "w": 84, "h": 64 },
    "duration": 100
   },
   {
    "filename": "KB-01---jump 4.gif",
    "frame": { "x": 336, "y": 0, "w": 84, "h": 64 },
    "rotated": false,
    "trimmed": false,
    "spriteSourceSize": { "x": 0, "y": 0, "w": 84, "h": 64 },
    "sourceSize": { "w": 84, "h": 64 },
    "duration": 100
   }
 ],
 "meta": {
  "app": "https://www.aseprite.org/",
  "version": "1.2.40-x64",
  "image": "KB-01---jump.png",
  "format": "I8",
  "size": { "w": 420, "h": 64 },
  "scale": "1",
  "frameTags": [
  ],
  "layers": [
   { "name": "Layer", "opacity": 255, "blendMode": "normal" }
  ],
  "slices": [
  ]
 }
}
