{
  "frames": [
    {
      "filename": "TOUCH-06---crafting-recipes.png",
      "frame": {
        "x": 11,
        "y": 0,
        "w": 46,
        "h": 64
      },
      "rotated": false,
      "trimmed": false,
      "spriteSourceSize": {
        "x": 0,
        "y": 0,
        "w": 57,
        "h": 64
      },
      "sourceSize": {
        "w": 57,
        "h": 64
      },
      "duration": 100
    }
  ],
  "meta": {
    "app": "https://www.aseprite.org/",
    "version": "1.2.40-x64",
    "image": "TOUCH-06---crafting-recipes-sheet.png",
    "format": "I8",
    "size": {
      "w": 57,
      "h": 64
    },
    "scale": "1",
    "frameTags": [],
    "layers": [
      {
        "name": "Layer",
        "opacity": 255,
        "blendMode": "normal"
      }
    ],
    "slices": []
  }
}
