{ "frames": [
   {
    "filename": "KB-09---hold-shift-to-sneak 0.gif",
    "frame": { "x": 0, "y": 0, "w": 60, "h": 64 },
    "rotated": false,
    "trimmed": false,
    "spriteSourceSize": { "x": 0, "y": 0, "w": 60, "h": 64 },
    "sourceSize": { "w": 60, "h": 64 },
    "duration": 1000
   },
   {
    "filename": "KB-09---hold-shift-to-sneak 1.gif",
    "frame": { "x": 60, "y": 0, "w": 60, "h": 64 },
    "rotated": false,
    "trimmed": false,
    "spriteSourceSize": { "x": 0, "y": 0, "w": 60, "h": 64 },
    "sourceSize": { "w": 60, "h": 64 },
    "duration": 100
   },
   {
    "filename": "KB-09---hold-shift-to-sneak 2.gif",
    "frame": { "x": 120, "y": 0, "w": 60, "h": 64 },
    "rotated": false,
    "trimmed": false,
    "spriteSourceSize": { "x": 0, "y": 0, "w": 60, "h": 64 },
    "sourceSize": { "w": 60, "h": 64 },
    "duration": 200
   },
   {
    "filename": "KB-09---hold-shift-to-sneak 3.gif",
    "frame": { "x": 180, "y": 0, "w": 60, "h": 64 },
    "rotated": false,
    "trimmed": false,
    "spriteSourceSize": { "x": 0, "y": 0, "w": 60, "h": 64 },
    "sourceSize": { "w": 60, "h": 64 },
    "duration": 200
   },
   {
    "filename": "KB-09---hold-shift-to-sneak 4.gif",
    "frame": { "x": 240, "y": 0, "w": 60, "h": 64 },
    "rotated": false,
    "trimmed": false,
    "spriteSourceSize": { "x": 0, "y": 0, "w": 60, "h": 64 },
    "sourceSize": { "w": 60, "h": 64 },
    "duration": 200
   },
   {
    "filename": "KB-09---hold-shift-to-sneak 5.gif",
    "frame": { "x": 300, "y": 0, "w": 60, "h": 64 },
    "rotated": false,
    "trimmed": false,
    "spriteSourceSize": { "x": 0, "y": 0, "w": 60, "h": 64 },
    "sourceSize": { "w": 60, "h": 64 },
    "duration": 200
   },
   {
    "filename": "KB-09---hold-shift-to-sneak 6.gif",
    "frame": { "x": 360, "y": 0, "w": 60, "h": 64 },
    "rotated": false,
    "trimmed": false,
    "spriteSourceSize": { "x": 0, "y": 0, "w": 60, "h": 64 },
    "sourceSize": { "w": 60, "h": 64 },
    "duration": 200
   },
   {
    "filename": "KB-09---hold-shift-to-sneak 7.gif",
    "frame": { "x": 420, "y": 0, "w": 60, "h": 64 },
    "rotated": false,
    "trimmed": false,
    "spriteSourceSize": { "x": 0, "y": 0, "w": 60, "h": 64 },
    "sourceSize": { "w": 60, "h": 64 },
    "duration": 200
   },
   {
    "filename": "KB-09---hold-shift-to-sneak 8.gif",
    "frame": { "x": 480, "y": 0, "w": 60, "h": 64 },
    "rotated": false,
    "trimmed": false,
    "spriteSourceSize": { "x": 0, "y": 0, "w": 60, "h": 64 },
    "sourceSize": { "w": 60, "h": 64 },
    "duration": 200
   },
   {
    "filename": "KB-09---hold-shift-to-sneak 9.gif",
    "frame": { "x": 540, "y": 0, "w": 60, "h": 64 },
    "rotated": false,
    "trimmed": false,
    "spriteSourceSize": { "x": 0, "y": 0, "w": 60, "h": 64 },
    "sourceSize": { "w": 60, "h": 64 },
    "duration": 200
   },
   {
    "filename": "KB-09---hold-shift-to-sneak 10.gif",
    "frame": { "x": 600, "y": 0, "w": 60, "h": 64 },
    "rotated": false,
    "trimmed": false,
    "spriteSourceSize": { "x": 0, "y": 0, "w": 60, "h": 64 },
    "sourceSize": { "w": 60, "h": 64 },
    "duration": 200
   },
   {
    "filename": "KB-09---hold-shift-to-sneak 11.gif",
    "frame": { "x": 660, "y": 0, "w": 60, "h": 64 },
    "rotated": false,
    "trimmed": false,
    "spriteSourceSize": { "x": 0, "y": 0, "w": 60, "h": 64 },
    "sourceSize": { "w": 60, "h": 64 },
    "duration": 200
   },
   {
    "filename": "KB-09---hold-shift-to-sneak 12.gif",
    "frame": { "x": 720, "y": 0, "w": 60, "h": 64 },
    "rotated": false,
    "trimmed": false,
    "spriteSourceSize": { "x": 0, "y": 0, "w": 60, "h": 64 },
    "sourceSize": { "w": 60, "h": 64 },
    "duration": 200
   },
   {
    "filename": "KB-09---hold-shift-to-sneak 13.gif",
    "frame": { "x": 780, "y": 0, "w": 60, "h": 64 },
    "rotated": false,
    "trimmed": false,
    "spriteSourceSize": { "x": 0, "y": 0, "w": 60, "h": 64 },
    "sourceSize": { "w": 60, "h": 64 },
    "duration": 200
   },
   {
    "filename": "KB-09---hold-shift-to-sneak 14.gif",
    "frame": { "x": 840, "y": 0, "w": 60, "h": 64 },
    "rotated": false,
    "trimmed": false,
    "spriteSourceSize": { "x": 0, "y": 0, "w": 60, "h": 64 },
    "sourceSize": { "w": 60, "h": 64 },
    "duration": 200
   },
   {
    "filename": "KB-09---hold-shift-to-sneak 15.gif",
    "frame": { "x": 900, "y": 0, "w": 60, "h": 64 },
    "rotated": false,
    "trimmed": false,
    "spriteSourceSize": { "x": 0, "y": 0, "w": 60, "h": 64 },
    "sourceSize": { "w": 60, "h": 64 },
    "duration": 200
   }
 ],
 "meta": {
  "app": "https://www.aseprite.org/",
  "version": "1.2.40-x64",
  "image": "KB-09---hold-shift-to-sneak.png",
  "format": "I8",
  "size": { "w": 960, "h": 64 },
  "scale": "1",
  "frameTags": [
  ],
  "layers": [
   { "name": "Layer", "opacity": 255, "blendMode": "normal" }
  ],
  "slices": [
  ]
 }
}
