{ "frames": [
   {
    "filename": "KB-01---swim 0.gif",
    "frame": { "x": 0, "y": 0, "w": 38, "h": 64 },
    "rotated": false,
    "trimmed": false,
    "spriteSourceSize": { "x": 0, "y": 0, "w": 38, "h": 64 },
    "sourceSize": { "w": 38, "h": 64 },
    "duration": 100
   },
   {
    "filename": "KB-01---swim 1.gif",
    "frame": { "x": 38, "y": 0, "w": 38, "h": 64 },
    "rotated": false,
    "trimmed": false,
    "spriteSourceSize": { "x": 0, "y": 0, "w": 38, "h": 64 },
    "sourceSize": { "w": 38, "h": 64 },
    "duration": 100
   },
   {
    "filename": "KB-01---swim 2.gif",
    "frame": { "x": 76, "y": 0, "w": 38, "h": 64 },
    "rotated": false,
    "trimmed": false,
    "spriteSourceSize": { "x": 0, "y": 0, "w": 38, "h": 64 },
    "sourceSize": { "w": 38, "h": 64 },
    "duration": 100
   },
   {
    "filename": "KB-01---swim 3.gif",
    "frame": { "x": 114, "y": 0, "w": 38, "h": 64 },
    "rotated": false,
    "trimmed": false,
    "spriteSourceSize": { "x": 0, "y": 0, "w": 38, "h": 64 },
    "sourceSize": { "w": 38, "h": 64 },
    "duration": 100
   },
   {
    "filename": "KB-01---swim 4.gif",
    "frame": { "x": 152, "y": 0, "w": 38, "h": 64 },
    "rotated": false,
    "trimmed": false,
    "spriteSourceSize": { "x": 0, "y": 0, "w": 38, "h": 64 },
    "sourceSize": { "w": 38, "h": 64 },
    "duration": 100
   },
   {
    "filename": "KB-01---swim 5.gif",
    "frame": { "x": 190, "y": 0, "w": 38, "h": 64 },
    "rotated": false,
    "trimmed": false,
    "spriteSourceSize": { "x": 0, "y": 0, "w": 38, "h": 64 },
    "sourceSize": { "w": 38, "h": 64 },
    "duration": 100
   },
   {
    "filename": "KB-01---swim 6.gif",
    "frame": { "x": 228, "y": 0, "w": 38, "h": 64 },
    "rotated": false,
    "trimmed": false,
    "spriteSourceSize": { "x": 0, "y": 0, "w": 38, "h": 64 },
    "sourceSize": { "w": 38, "h": 64 },
    "duration": 100
   },
   {
    "filename": "KB-01---swim 7.gif",
    "frame": { "x": 266, "y": 0, "w": 38, "h": 64 },
    "rotated": false,
    "trimmed": false,
    "spriteSourceSize": { "x": 0, "y": 0, "w": 38, "h": 64 },
    "sourceSize": { "w": 38, "h": 64 },
    "duration": 100
   },
   {
    "filename": "KB-01---swim 8.gif",
    "frame": { "x": 304, "y": 0, "w": 38, "h": 64 },
    "rotated": false,
    "trimmed": false,
    "spriteSourceSize": { "x": 0, "y": 0, "w": 38, "h": 64 },
    "sourceSize": { "w": 38, "h": 64 },
    "duration": 100
   },
   {
    "filename": "KB-01---swim 9.gif",
    "frame": { "x": 342, "y": 0, "w": 38, "h": 64 },
    "rotated": false,
    "trimmed": false,
    "spriteSourceSize": { "x": 0, "y": 0, "w": 38, "h": 64 },
    "sourceSize": { "w": 38, "h": 64 },
    "duration": 100
   },
   {
    "filename": "KB-01---swim 10.gif",
    "frame": { "x": 380, "y": 0, "w": 38, "h": 64 },
    "rotated": false,
    "trimmed": false,
    "spriteSourceSize": { "x": 0, "y": 0, "w": 38, "h": 64 },
    "sourceSize": { "w": 38, "h": 64 },
    "duration": 100
   },
   {
    "filename": "KB-01---swim 11.gif",
    "frame": { "x": 418, "y": 0, "w": 38, "h": 64 },
    "rotated": false,
    "trimmed": false,
    "spriteSourceSize": { "x": 0, "y": 0, "w": 38, "h": 64 },
    "sourceSize": { "w": 38, "h": 64 },
    "duration": 100
   },
   {
    "filename": "KB-01---swim 12.gif",
    "frame": { "x": 456, "y": 0, "w": 38, "h": 64 },
    "rotated": false,
    "trimmed": false,
    "spriteSourceSize": { "x": 0, "y": 0, "w": 38, "h": 64 },
    "sourceSize": { "w": 38, "h": 64 },
    "duration": 100
   },
   {
    "filename": "KB-01---swim 13.gif",
    "frame": { "x": 494, "y": 0, "w": 38, "h": 64 },
    "rotated": false,
    "trimmed": false,
    "spriteSourceSize": { "x": 0, "y": 0, "w": 38, "h": 64 },
    "sourceSize": { "w": 38, "h": 64 },
    "duration": 100
   },
   {
    "filename": "KB-01---swim 14.gif",
    "frame": { "x": 532, "y": 0, "w": 38, "h": 64 },
    "rotated": false,
    "trimmed": false,
    "spriteSourceSize": { "x": 0, "y": 0, "w": 38, "h": 64 },
    "sourceSize": { "w": 38, "h": 64 },
    "duration": 100
   },
   {
    "filename": "KB-01---swim 15.gif",
    "frame": { "x": 570, "y": 0, "w": 38, "h": 64 },
    "rotated": false,
    "trimmed": false,
    "spriteSourceSize": { "x": 0, "y": 0, "w": 38, "h": 64 },
    "sourceSize": { "w": 38, "h": 64 },
    "duration": 100
   }
 ],
 "meta": {
  "app": "https://www.aseprite.org/",
  "version": "1.2.40-x64",
  "image": "KB-01---swim.png",
  "format": "I8",
  "size": { "w": 608, "h": 64 },
  "scale": "1",
  "frameTags": [
  ],
  "layers": [
   { "name": "Layer", "opacity": 255, "blendMode": "normal" }
  ],
  "slices": [
  ]
 }
}
